actorId,firstName,lastName,age
1,Moshe,Wyman,34
2,Burton,Franecki,48
3,Petra,Bogisich,64
4,Vicente,Kling,71
5,Sheila,Swift,37
6,Deirdre,Friesen,29
7,Earleen,Farrell,45
8,Yadira,Durgan,76
9,Casey,Green,46
10,Candis,Romaguera,77
11,Kecia,Bashirian,27
12,Karmen,Kuphal,33
13,Vertie,"O'Reilly",44
14,Kyle,Fritsch,52
15,Georgene,Rice,80
16,Martina,Schmeler,45
17,Steven,Walker,64
18,Librada,Ryan,20
19,Drew,Bernhard,49
20,Colleen,Ratke,73
21,Esmeralda,Miller,72
22,Norberto,Gusikowski,30
23,Keiko,Torphy,25
24,Dacia,Dach,49
25,Hunter,Stiedemann,64
26,Golda,Reilly,34
27,Blanch,Botsford,66
28,Elias,Stroman,74
29,Orlando,Hermiston,32
30,Julius,Gibson,57
31,Dale,Ondricka,69
32,Oscar,Hyatt,21
33,Ahmad,Jenkins,44
34,Dominique,Luettgen,24
35,Keturah,Rodriguez,28
36,Abram,Kertzmann,69
37,Desmond,Reichel,57
38,Shaun,Stiedemann,35
39,Franklyn,Lesch,63
40,Jerold,Reinger,70
41,Herb,DuBuque,66
42,Travis,Halvorson,22
43,Janene,Prosacco,51
44,Vella,Beier,74
45,Issac,Quitzon,23
46,Gregg,Ondricka,62
47,Gabriella,Daniel,40
48,Loyd,Nader,35
49,Narcisa,Stoltenberg,30
50,Anamaria,Gerhold,38
51,Santina,Mosciski,79
52,Youlanda,Stracke,33
53,Mason,Mraz,27
54,Tasha,Waelchi,47
55,Karen,Kuhlman,23
56,Leandro,Ratke,63
57,Mel,Schmeler,54
58,Darlena,Feil,29
59,Peter,Kulas,41
60,Man,Fay,28
61,Marcy,Kling,23
62,Zada,Breitenberg,49
63,Cyril,King,24
64,Lonnie,Brakus,54
65,Sidney,Little,71
66,Sherwood,Larson,24
67,Dolly,Beer,52
68,Cyril,Ruecker,74
69,Alec,Bailey,69
70,Ollie,Donnelly,24
71,Sanda,Jacobs,30
72,Leila,Schamberger,63
73,Glen,Gerhold,52
74,Donny,Gibson,56
75,Marin,Block,57
76,Antone,Collier,56
77,Leslie,Dare,25
78,Ivette,Lang,18
79,Miquel,Hodkiewicz,18
80,Sam,Stoltenberg,72
81,Brad,Nienow,21
82,Darren,Boehm,46
83,Deon,Predovic,68
84,Randy,Kshlerin,70
85,Patsy,Pouros,78
86,Gregg,Goodwin,20
87,Vaughn,Homenick,54
88,Shawnna,Casper,50
89,Marcellus,Oberbrunner,36
90,Winfred,Emmerich,62
91,Gerry,Hartmann,69
92,Kris,Haag,23
93,Hobert,Stiedemann,30
94,Jacquline,Durgan,24
95,January,Kihn,38
96,Branden,Collier,18
97,Kenna,Wiegand,24
98,Adolph,Ullrich,50
99,Bernita,"O'Reilly",54
100,Corie,Botsford,34
